competencia,indice_inpc,variacao_mensal
03/1979,5.5765e-09,0.0000
04/1979,5.7689e-09,3.4502
05/1979,5.8704e-09,1.7594
06/1979,6.0465e-09,2.9998
07/1979,6.3705e-09,5.3585
08/1979,6.739e-09,5.7845
09/1979,7.1843e-09,6.6078
10/1979,7.5481e-09,5.0638
11/1979,8.0089e-09,6.1048
12/1979,8.3698e-09,4.5062
01/1980,8.919e-09,6.5617
02/1980,9.289e-09,4.1484
03/1980,9.7649e-09,5.1233
04/1980,1.02385e-08,4.8500
05/1980,1.0805e-08,5.5330
06/1980,1.14018e-08,5.5234
07/1980,1.20305e-08,5.5140
08/1980,1.26497e-08,5.1469
09/1980,1.3213e-08,4.4531
10/1980,1.44874e-08,9.6450
11/1980,1.56502e-08,8.0263
12/1980,1.67147e-08,6.8018
01/1981,1.77526e-08,6.2095
02/1981,1.88272e-08,6.0532
03/1981,1.98351e-08,5.3534
04/1981,2.11322e-08,6.5394
05/1981,2.22972e-08,5.5129
06/1981,2.3428e-08,5.0715
07/1981,2.4881e-08,6.2020
08/1981,2.64048e-08,6.1244
09/1981,2.77978e-08,5.2756
10/1981,2.90825e-08,4.6216
11/1981,3.06041e-08,5.2320
12/1981,3.23447e-08,5.6875
01/1982,3.45162e-08,6.7136
02/1982,3.67858e-08,6.5755
03/1982,3.87129e-08,5.2387
04/1982,4.08994e-08,5.6480
05/1982,4.36251e-08,6.6644
06/1982,4.67411e-08,7.1427
07/1982,4.97287e-08,6.3918
08/1982,5.24972e-08,5.5672
09/1982,5.47568e-08,4.3042
10/1982,5.68955e-08,3.9058
11/1982,5.98882e-08,5.2600
12/1982,6.47902e-08,8.1853
01/1983,7.0715e-08,9.1446
02/1983,7.64006e-08,8.0402
03/1983,8.19173e-08,7.2208
04/1983,8.72955e-08,6.5654
05/1983,9.31523e-08,6.7092
06/1983,1.032437e-07,10.8332
07/1983,1.15043e-07,11.4286
08/1983,1.263712e-07,9.8469
09/1983,1.406165e-07,11.2726
10/1983,1.548139e-07,10.0965
11/1983,1.662278e-07,7.3727
12/1983,1.800977e-07,8.3439
01/1984,1.970107e-07,9.3910
02/1984,2.161933e-07,9.7368
03/1984,2.374517e-07,9.8331
04/1984,2.600678e-07,9.5245
05/1984,2.827142e-07,8.7079
06/1984,3.108773e-07,9.9617
07/1984,3.391915e-07,9.1078
08/1984,3.682615e-07,8.5704
09/1984,4.091458e-07,11.1020
10/1984,4.520706e-07,10.4913
11/1984,4.987488e-07,10.3254
12/1984,5.567124e-07,11.6218
01/1985,6.22611e-07,11.8371
02/1985,6.907768e-07,10.9484
03/1985,7.594716e-07,9.9446
04/1985,8.246648e-07,8.5840
05/1985,8.840643e-07,7.2029
06/1985,9.577468e-07,8.3345
07/1985,1.054252e-06,10.0763
08/1985,1.1766784e-06,11.6126
09/1985,1.2953765e-06,10.0876
10/1985,1.4281562e-06,10.2503
11/1985,1.6307138e-06,14.1832
12/1985,1.8875573e-06,15.7504
01/1986,2.170876e-06,15.0098
02/1986,2.4415742e-06,12.4695
03/1986,2.5190605e-06,3.1736
04/1986,2.5298925e-06,0.4300
05/1986,2.5570983e-06,1.0754
06/1986,2.5817851e-06,0.9654
07/1986,2.6052124e-06,0.9074
08/1986,2.6424945e-06,1.4311
09/1986,2.6739828e-06,1.1916
10/1986,2.7122725e-06,1.4319
11/1986,2.8014472e-06,3.2878
12/1986,3.0049873e-06,7.2655
01/1987,3.5103108e-06,16.8162
02/1987,3.9997643e-06,13.9433
03/1987,4.5756215e-06,14.3973
04/1987,5.5346279e-06,20.9590
05/1987,6.8153183e-06,23.1396
06/1987,8.2670529e-06,21.3011
07/1987,9.0880147e-06,9.9305
08/1987,9.5505142e-06,5.0891
09/1987,1.02334315e-05,7.1506
10/1987,1.13468563e-05,10.8803
11/1987,1.30409245e-05,14.9298
12/1987,1.48627091e-05,13.9698
01/1988,1.76820416e-05,18.9692
02/1988,2.0477695e-05,15.8107
03/1988,2.41822254e-05,18.0906
04/1988,2.86147643e-05,18.3297
05/1988,3.38340059e-05,18.2397
06/1988,4.13722945e-05,22.2802
07/1988,5.08961066e-05,23.0198
08/1988,6.13960547e-05,20.6302
09/1988,7.79299086e-05,26.9298
10/1988,9.87292876e-05,26.6899
11/1988,0.0001265215786,28.1500
12/1988,0.0001624917478,28.4301
01/1989,0.0002201437229,35.4799
02/1989,0.0002561373193,16.3500
03/1989,0.0002712494153,5.9000
04/1989,0.0002931120898,8.0600
05/1989,0.0003419738031,16.6700
06/1989,0.0004425140433,29.4000
07/1989,0.0005637629763,27.4000
08/1989,0.0007508195948,33.1800
09/1989,0.001023742422,36.3500
10/1989,0.0014205450891,38.7600
11/1989,0.0021090831794,48.4700
12/1989,0.003190620911,51.2800
01/1990,0.0053663052799,68.1900
02/1990,0.0093368346371,73.9900
03/1990,0.0170098454104,82.1800
04/1990,0.0195051897442,14.6700
05/1990,0.0209310190666,7.3100
06/1990,0.0233673896742,11.6400
07/1990,0.0263163543373,12.6200
08/1990,0.0295216863099,12.1800
09/1990,0.0337314788076,14.2600
10/1990,0.0385989312553,14.4300
11/1990,0.0451298705166,16.9200
12/1990,0.0537677278248,19.1400
01/1991,0.065032066804,20.9500
02/1991,0.0781675227116,20.1984
03/1991,0.0873833112608,11.7898
04/1991,0.0917600043057,5.0086
05/1991,0.0978895252777,6.6799
06/1991,0.1084925212048,10.8316
07/1991,0.1216656145218,12.1419
08/1991,0.1406671295351,15.6178
09/1991,0.1626419998971,15.6219
10/1991,0.1969243031581,21.0784
11/1991,0.2490682456026,26.4792
12/1991,0.3092182027201,24.1500
01/1992,0.3893697545885,25.9207
02/1992,0.4846891824762,24.4804
03/1992,0.5894771072339,21.6196
04/1992,0.7123256117679,20.8403
05/1992,0.8868449027414,24.4999
06/1992,1.071752118731,20.8500
07/1992,1.308394642433,22.0800
08/1992,1.601213688167,22.3800
09/1992,1.985185162882,23.9800
10/1992,2.502721050286,26.0699
11/1992,3.075594683168,22.8900
12/1992,3.862329453472,25.5799
01/1993,4.973520200562,28.7700
02/1993,6.206457213766,24.7900
03/1993,7.918195843249,27.5800
04/1993,10.16459000468,28.3700
05/1993,12.88666725417,26.7800
06/1993,16.80035026449,30.3700
07/1993,22.01013661466,31.0100
08/1993,29.34831847077,33.3400
09/1993,39.80512532263,35.6300
10/1993,53.38663292347,34.1200
11/1993,72.60582120607,36.0000
12/1993,100,37.7300
01/1994,141.32,41.3200
02/1994,198.65,40.5675
03/1994,284.23,43.0808
04/1994,406.05,42.8597
05/1994,579.56,42.7312
06/1994,859.14,48.2400
07/1994,925.72,7.7496
08/1994,942.85,1.8505
09/1994,956.05,1.4000
10/1994,983.01,2.8199
11/1994,1012.11,2.9603
12/1994,1029.32,1.7004
01/1995,1044.14,1.4398
02/1995,1054.69,1.0104
03/1995,1071.78,1.6204
04/1995,1098.47,2.4902
05/1995,1121.54,2.1002
06/1995,1145.99,2.1800
07/1995,1174.18,2.4599
08/1995,1186.16,1.0203
09/1995,1200.04,1.1702
10/1995,1216.84,1.4000
11/1995,1235.21,1.5096
12/1995,1255.59,1.6499
01/1996,1273.92,1.4599
02/1996,1282.96,0.7096
03/1996,1286.68,0.2900
04/1996,1298.65,0.9303
05/1996,1315.27,1.2798
06/1996,1332.76,1.3298
07/1996,1348.75,1.1998
08/1996,1355.49,0.4997
09/1996,1355.76,0.0199
10/1996,1360.91,0.3799
11/1996,1365.54,0.3402
12/1996,1370.05,0.3303
01/1997,1381.15,0.8102
02/1997,1387.37,0.4503
03/1997,1396.8,0.6797
04/1997,1405.18,0.5999
05/1997,1406.73,0.1103
06/1997,1411.65,0.3497
07/1997,1414.19,0.1799
08/1997,1413.77,-0.0297
09/1997,1415.18,0.0997
10/1997,1419.28,0.2897
11/1997,1421.41,0.1501
12/1997,1429.51,0.5699
01/1998,1441.66,0.8499
02/1998,1449.44,0.5397
03/1998,1456.54,0.4898
04/1998,1463.09,0.4497
05/1998,1473.62,0.7197
06/1998,1475.83,0.1500
07/1998,1471.7,-0.2798
08/1998,1464.49,-0.4899
09/1998,1459.95,-0.3100
10/1998,1461.56,0.1103
11/1998,1458.93,-0.1799
12/1998,1465.06,0.4202
01/1999,1474.58,0.6498
02/1999,1493.6,1.2899
03/1999,1512.72,1.2801
04/1999,1519.83,0.4700
05/1999,1520.59,0.0500
06/1999,1521.65,0.0697
07/1999,1532.91,0.7400
08/1999,1541.34,0.5499
09/1999,1547.35,0.3899
10/1999,1562.2,0.9597
11/1999,1576.88,0.9397
12/1999,1588.55,0.7401
01/2000,1598.24,0.6100
02/2000,1599.04,0.0501
03/2000,1601.12,0.1301
04/2000,1602.56,0.0899
05/2000,1601.76,-0.0499
06/2000,1606.57,0.3003
07/2000,1628.9,1.3899
08/2000,1648.61,1.2100
09/2000,1655.7,0.4301
10/2000,1658.35,0.1601
11/2000,1663.16,0.2900
12/2000,1672.31,0.5502
01/2001,1685.19,0.7702
02/2001,1693.45,0.4902
03/2001,1701.58,0.4801
04/2001,1715.87,0.8398
05/2001,1725.65,0.5700
06/2001,1736,0.5998
07/2001,1755.27,1.1100
08/2001,1769.14,0.7902
09/2001,1776.92,0.4398
10/2001,1793.62,0.9398
11/2001,1816.76,1.2901
12/2001,1830.2,0.7398
01/2002,1849.78,1.0698
02/2002,1855.51,0.3098
03/2002,1867.01,0.6198
04/2002,1879.71,0.6802
05/2002,1881.4,0.0899
06/2002,1892.88,0.6102
07/2002,1914.65,1.1501
08/2002,1931.12,0.8602
09/2002,1947.15,0.8301
10/2002,1977.72,1.5700
11/2002,2044.76,3.3898
12/2002,2099.97,2.7001
01/2003,2151.84,2.4700
02/2003,2183.26,1.4601
03/2003,2213.17,1.3700
04/2003,2243.71,1.3799
05/2003,2265.92,0.9899
06/2003,2264.56,-0.0600
07/2003,2265.47,0.0402
08/2003,2269.55,0.1801
09/2003,2288.16,0.8200
10/2003,2297.08,0.3898
11/2003,2305.58,0.3700
12/2003,2318.03,0.5400
01/2004,2337.27,0.8300
02/2004,2346.39,0.3902
03/2004,2359.76,0.5698
04/2004,2369.43,0.4098
05/2004,2378.91,0.4001
06/2004,2390.8,0.4998
07/2004,2408.25,0.7299
08/2004,2420.29,0.4999
09/2004,2424.4,0.1698
10/2004,2428.52,0.1699
11/2004,2439.21,0.4402
12/2004,2460.19,0.8601
01/2005,2474.21,0.5699
02/2005,2485.1,0.4401
03/2005,2503.24,0.7300
04/2005,2526.02,0.9100
05/2005,2543.7,0.6999
06/2005,2540.9,-0.1101
07/2005,2541.66,0.0299
08/2005,2541.66,0.0000
09/2005,2545.47,0.1499
10/2005,2560.23,0.5799
11/2005,2574.05,0.5398
12/2005,2584.35,0.4001
01/2006,2594.17,0.3800
02/2006,2600.14,0.2301
03/2006,2607.16,0.2700
04/2006,2610.29,0.1201
05/2006,2613.68,0.1299
06/2006,2611.85,-0.0700
07/2006,2614.72,0.1099
08/2006,2614.2,-0.0199
09/2006,2618.38,0.1599
10/2006,2629.64,0.4300
11/2006,2640.68,0.4198
12/2006,2657.05,0.6199
01/2007,2670.07,0.4900
02/2007,2681.28,0.4198
03/2007,2693.08,0.4401
04/2007,2700.08,0.2599
05/2007,2707.1,0.2600
06/2007,2715.49,0.3099
07/2007,2724.18,0.3200
08/2007,2740.25,0.5899
09/2007,2747.1,0.2500
10/2007,2755.34,0.3000
11/2007,2767.19,0.4301
12/2007,2794.03,0.9699
01/2008,2813.31,0.6900
02/2008,2826.81,0.4799
03/2008,2841.23,0.5101
04/2008,2859.41,0.6399
05/2008,2886.86,0.9600
06/2008,2913.13,0.9100
07/2008,2930.03,0.5801
08/2008,2936.18,0.2099
09/2008,2940.58,0.1499
10/2008,2955.28,0.4999
11/2008,2966.51,0.3800
12/2008,2975.11,0.2899
01/2009,2994.15,0.6400
02/2009,3003.43,0.3099
03/2009,3009.44,0.2001
04/2009,3025.99,0.5499
05/2009,3044.15,0.6001
06/2009,3056.93,0.4198
07/2009,3063.96,0.2300
08/2009,3066.41,0.0800
09/2009,3071.32,0.1601
10/2009,3078.69,0.2400
11/2009,3090.08,0.3700
12/2009,3097.5,0.2401
01/2010,3124.76,0.8801
02/2010,3146.63,0.6999
03/2010,3168.97,0.7100
04/2010,3192.1,0.7299
05/2010,3205.83,0.4301
06/2010,3202.3,-0.1101
07/2010,3200.06,-0.0699
08/2010,3197.82,-0.0700
09/2010,3215.09,0.5401
10/2010,3244.67,0.9200
11/2010,3278.09,1.0300
12/2010,3297.76,0.6000
01/2011,3328.76,0.9400
02/2011,3346.74,0.5401
03/2011,3368.83,0.6600
04/2011,3393.09,0.7201
05/2011,3412.43,0.5700
06/2011,3419.94,0.2201
07/2011,3419.94,0.0000
08/2011,3434.3,0.4199
09/2011,3449.76,0.4502
10/2011,3460.8,0.3200
11/2011,3480.52,0.5698
12/2011,3498.27,0.5100
01/2012,3516.11,0.5100
02/2012,3529.82,0.3899
03/2012,3536.17,0.1799
04/2012,3558.81,0.6402
05/2012,3578.38,0.5499
06/2012,3587.67,0.2596
07/2012,3603.1,0.4301
08/2012,3619.31,0.4499
09/2012,3642.12,0.6302
10/2012,3667.97,0.7098
11/2012,3687.78,0.5401
12/2012,3715.07,0.7400
01/2013,3749.25,0.9200
02/2013,3768.75,0.5201
03/2013,3791.36,0.5999
04/2013,3813.73,0.5900
05/2013,3827.08,0.3501
06/2013,3837.8,0.2801
07/2013,3832.81,-0.1300
08/2013,3838.94,0.1599
09/2013,3849.31,0.2701
10/2013,3872.79,0.6100
11/2013,3893.7,0.5399
12/2013,3921.74,0.7201
01/2014,3946.44,0.6298
02/2014,3971.7,0.6401
03/2014,4004.27,0.8201
04/2014,4035.5,0.7799
05/2014,4059.71,0.5999
06/2014,4070.27,0.2601
07/2014,4075.56,0.1300
08/2014,4082.9,0.1801
09/2014,4102.9,0.4898
10/2014,4118.49,0.3800
11/2014,4140.32,0.5300
12/2014,4165.99,0.6200
01/2015,4227.64,1.4798
02/2015,4276.69,1.1602
03/2015,4341.26,1.5098
04/2015,4372.08,0.7099
05/2015,4415.37,0.9901
06/2015,4449.36,0.7698
07/2015,4475.17,0.5801
08/2015,4486.36,0.2500
09/2015,4509.24,0.5100
10/2015,4543.96,0.7700
11/2015,4594.4,1.1100
12/2015,4635.75,0.9000
01/2016,4705.75,1.5100
02/2016,4750.45,0.9499
03/2016,4771.36,0.4402
04/2016,4801.89,0.6399
05/2016,4848.95,0.9800
06/2016,4871.74,0.4700
07/2016,4902.92,0.6400
08/2016,4918.12,0.3100
09/2016,4922.05,0.0799
10/2016,4930.42,0.1701
11/2016,4933.87,0.0700
12/2016,4940.78,0.1401
01/2017,4961.53,0.4200
02/2017,4973.44,0.2400
03/2017,4989.36,0.3201
04/2017,4993.35,0.0800
05/2017,5011.33,0.3601
06/2017,4996.3,-0.2999
07/2017,5004.79,0.1699
08/2017,5003.29,-0.0300
09/2017,5002.29,-0.0200
10/2017,5020.8,0.3700
11/2017,5029.84,0.1801
12/2017,5042.92,0.2600
01/2018,5054.52,0.2300
02/2018,5063.62,0.1800
03/2018,5067.16,0.0699
04/2018,5077.8,0.2100
05/2018,5099.63,0.4299
06/2018,5172.55,1.4299
07/2018,5185.48,0.2500
08/2018,5185.48,0.0000
09/2018,5201.04,0.3001
10/2018,5221.84,0.3999
11/2018,5208.79,-0.2499
12/2018,5216.08,0.1400
01/2019,5234.86,0.3600
02/2019,5263.13,0.5400
03/2019,5303.66,0.7701
04/2019,5335.48,0.6000
05/2019,5343.48,0.1499
06/2019,5344.01,0.0099
07/2019,5349.35,0.0999
08/2019,5355.77,0.1200
09/2019,5353.09,-0.0500
10/2019,5355.23,0.0400
11/2019,5384.15,0.5400
12/2019,5449.84,1.2201
01/2020,5460.19,0.1899
02/2020,5469.47,0.1700
03/2020,5479.32,0.1801
04/2020,5466.72,-0.2300
05/2020,5453.05,-0.2501
06/2020,5469.41,0.3000
07/2020,5493.48,0.4401
08/2020,5513.26,0.3601
09/2020,5561.23,0.8701
10/2020,5610.72,0.8899
11/2020,5664.02,0.9500
12/2020,5746.71,1.4599
01/2021,5762.23,0.2701
02/2021,5809.48,0.8200
03/2021,5859.44,0.8600
04/2021,5881.71,0.3801
05/2021,5938.17,0.9599
06/2021,5973.8,0.6000
07/2021,6034.73,1.0200
08/2021,6087.84,0.8801
09/2021,6160.89,1.1999
10/2021,6232.36,1.1601
11/2021,6284.71,0.8400
12/2021,6330.59,0.7300
01/2022,6373,0.6699
02/2022,6436.73,1.0000
03/2022,6546.8,1.7100
04/2022,6614.89,1.0401
05/2022,6644.66,0.4500
06/2022,6685.86,0.6200
07/2022,6645.74,-0.6001
08/2022,6625.14,-0.3100
09/2022,6603.94,-0.3200
10/2022,6634.98,0.4700
11/2022,6660.19,0.3800
12/2022,6706.15,0.6901
01/2023,6737,0.4600
02/2023,6788.87,0.7699
03/2023,6832.32,0.6400
04/2023,6868.53,0.5300
05/2023,6893.26,0.3600
06/2023,6886.37,-0.1000
07/2023,6880.17,-0.0900
08/2023,6893.93,0.2000
09/2023,6901.51,0.1100
10/2023,6909.79,0.1200
11/2023,6916.7,0.1000
12/2023,6954.74,0.5500
01/2024,6994.38,0.5700
02/2024,7051.03,0.8099
03/2024,7064.43,0.1900
04/2024,7090.57,0.3700
05/2024,7123.19,0.4600
06/2024,7141,0.2500
07/2024,7159.57,0.2600
08/2024,7149.55,-0.1400
09/2024,7183.87,0.4800
10/2024,7227.69,0.6100
11/2024,7251.54,0.3300
12/2024,7286.35,0.4800
01/2025,7286.35,0.0000
02/2025,7394.19,1.4800
03/2025,7431.9,0.5100
04/2025,7467.57,0.4800
05/2025,7493.71,0.3500
06/2025,7510.95,0.2301
07/2025,7526.72,0.2100
08/2025,7510.91,-0.2101
09/2025,7549.97,0.5200
10/2025,7552.23,0.0299
11/2025,7554.5,0.0301
12/2025,7570.36,0.2099
01/2026,7599.88,0.3899
02/2026,7642.44,0.5600
03/2026,7711.99,0.9100
04/2026,7774.46,0.8100
05/2026,7824.99,0.6499
06/2026,7835.94,0.1399
07/2026,7835.16,-0.0100
08/2026,7810.09,-0.3200
